type,total,mean,median
tvsales,29408.499999999996,147.0425,149.75
radiosales,29408.499999999996,147.0425,149.75
newspapersales,29408.499999999996,147.0425,149.75
onlinesales,29408.499999999996,147.0425,149.75
